INSERT INTO
    entree (
        id,
        nom,
        prenom,
        fonction,
        num_bureau,
        email,
        url_image
    )
VALUES (
        1,
        'Marie',
        'Martin',
        'Analyste',
        150,
        'marie.martin@gmail.com',
        'http://docketu.iutnc.univ-lorraine.fr:20003/api/image?name=image1.jpg'
    ),
    (
        2,
        'Lucie',
        'Simon',
        'Directeur',
        158,
        'lucie.simon@outlook.com',
        'http://docketu.iutnc.univ-lorraine.fr:20003/api/image?name=image1.jpg'
    ),
    (
        3,
        'Pierre',
        'Moreau',
        'Manager',
        105,
        'pierre.moreau@yahoo.com',
        'http://docketu.iutnc.univ-lorraine.fr:20003/api/image?name=image1.jpg'
    ),
    (
        4,
        'Louis',
        'Simon',
        'Ingénieur',
        200,
        'louis.simon@gmail.com',
        'http://docketu.iutnc.univ-lorraine.fr:20003/api/image?name=image1.jpg'
    ),
    (
        5,
        'Louis',
        'Petit',
        'Technicien',
        150,
        'louis.petit@outlook.com',
        'http://docketu.iutnc.univ-lorraine.fr:20003/api/image?name=image1.jpg'
    ),
    (
        6,
        'Marie',
        'Leroy',
        'Responsable',
        144,
        'marie.leroy@yahoo.com',
        'http://docketu.iutnc.univ-lorraine.fr:20003/api/image?name=image1.jpg'
    ),
    (
        7,
        'Louis',
        'Simon',
        'Consultant',
        186,
        'louis.simon@gmail.com',
        'http://docketu.iutnc.univ-lorraine.fr:20003/api/image?name=image1.jpg'
    ),
    (
        8,
        'Alice',
        'Richard',
        'Directeur',
        106,
        'alice.richard@outlook.com',
        'http://docketu.iutnc.univ-lorraine.fr:20003/api/image?name=image1.jpg'
    ),
    (
        9,
        'Marie',
        'Durand',
        'Ingénieur',
        100,
        'marie.durand@yahoo.com',
        'http://docketu.iutnc.univ-lorraine.fr:20003/api/image?name=image1.jpg'
    ),
    (
        10,
        'Sophie',
        'Leroy',
        'Manager',
        146,
        'sophie.leroy@gmail.com',
        'http://docketu.iutnc.univ-lorraine.fr:20003/api/image?name=image1.jpg'
    ),
    (
        11,
        'Lucie',
        'Robert',
        'Consultant',
        135,
        'lucie.robert@outlook.com',
        'http://docketu.iutnc.univ-lorraine.fr:20003/api/image?name=image1.jpg'
    ),
    (
        12,
        'Lucie',
        'Durand',
        'Technicien',
        187,
        'lucie.durand@yahoo.com',
        'http://docketu.iutnc.univ-lorraine.fr:20003/api/image?name=image1.jpg'
    ),
    (
        13,
        'Louis',
        'Durand',
        'Manager',
        115,
        'louis.durand@gmail.com',
        'http://docketu.iutnc.univ-lorraine.fr:20003/api/image?name=image1.jpg'
    ),
    (
        14,
        'Louis',
        'Leroy',
        'Technicien',
        101,
        'louis.leroy@outlook.com',
        'http://docketu.iutnc.univ-lorraine.fr:20003/api/image?name=image1.jpg'
    ),
    (
        15,
        'Alice',
        'Bernard',
        'Analyste',
        132,
        'alice.bernard@yahoo.com',
        'http://docketu.iutnc.univ-lorraine.fr:20003/api/image?name=image1.jpg'
    ),
    (
        16,
        'Thomas',
        'Simon',
        'Directeur',
        129,
        'thomas.simon@gmail.com',
        'http://docketu.iutnc.univ-lorraine.fr:20003/api/image?name=image1.jpg'
    ),
    (
        17,
        'Alice',
        'Dupont',
        'Consultant',
        195,
        'alice.dupont@outlook.com',
        'http://docketu.iutnc.univ-lorraine.fr:20003/api/image?name=image1.jpg'
    ),
    (
        18,
        'Pierre',
        'Petit',
        'Consultant',
        113,
        'pierre.petit@yahoo.com',
        'http://docketu.iutnc.univ-lorraine.fr:20003/api/image?name=image1.jpg'
    ),
    (
        19,
        'Jean',
        'Durand',
        'Ingénieur',
        196,
        'jean.durand@gmail.com',
        'http://docketu.iutnc.univ-lorraine.fr:20003/api/image?name=image1.jpg'
    ),
    (
        20,
        'Lucie',
        'Simon',
        'Ingénieur',
        148,
        'lucie.simon@outlook.com',
        'http://docketu.iutnc.univ-lorraine.fr:20003/api/image?name=image1.jpg'
    ),
    (
        21,
        'Alice',
        'Bernard',
        'Directeur',
        171,
        'alice.bernard@yahoo.com',
        'http://docketu.iutnc.univ-lorraine.fr:20003/api/image?name=image1.jpg'
    ),
    (
        22,
        'Pierre',
        'Petit',
        'Analyste',
        100,
        'pierre.petit@gmail.com',
        'http://docketu.iutnc.univ-lorraine.fr:20003/api/image?name=image1.jpg'
    ),
    (
        23,
        'Lucie',
        'Durand',
        'Directeur',
        194,
        'lucie.durand@outlook.com',
        'http://docketu.iutnc.univ-lorraine.fr:20003/api/image?name=image1.jpg'
    ),
    (
        24,
        'Lucie',
        'Petit',
        'Manager',
        154,
        'lucie.petit@yahoo.com',
        'http://docketu.iutnc.univ-lorraine.fr:20003/api/image?name=image1.jpg'
    ),
    (
        25,
        'Louis',
        'Simon',
        'Technicien',
        103,
        'louis.simon@gmail.com',
        'http://docketu.iutnc.univ-lorraine.fr:20003/api/image?name=image1.jpg'
    ),
    (
        26,
        'Thomas',
        'Richard',
        'Ingénieur',
        183,
        'thomas.richard@outlook.com',
        'http://docketu.iutnc.univ-lorraine.fr:20003/api/image?name=image1.jpg'
    ),
    (
        27,
        'Pierre',
        'Durand',
        'Responsable',
        189,
        'pierre.durand@yahoo.com',
        'http://docketu.iutnc.univ-lorraine.fr:20003/api/image?name=image1.jpg'
    ),
    (
        28,
        'Lucie',
        'Durand',
        'Ingénieur',
        107,
        'lucie.durand@gmail.com',
        'http://docketu.iutnc.univ-lorraine.fr:20003/api/image?name=image1.jpg'
    ),
    (
        29,
        'Lucie',
        'Robert',
        'Ingénieur',
        118,
        'lucie.robert@outlook.com',
        'http://docketu.iutnc.univ-lorraine.fr:20003/api/image?name=image1.jpg'
    ),
    (
        30,
        'Thomas',
        'Dupont',
        'Responsable',
        111,
        'thomas.dupont@yahoo.com',
        'http://docketu.iutnc.univ-lorraine.fr:20003/api/image?name=image1.jpg'
    ),
    (
        31,
        'Paul',
        'Petit',
        'Manager',
        128,
        'paul.petit@gmail.com',
        'http://docketu.iutnc.univ-lorraine.fr:20003/api/image?name=image1.jpg'
    ),
    (
        32,
        'Sophie',
        'Richard',
        'Ingénieur',
        118,
        'sophie.richard@outlook.com',
        'http://docketu.iutnc.univ-lorraine.fr:20003/api/image?name=image1.jpg'
    ),
    (
        33,
        'Paul',
        'Martin',
        'Responsable',
        170,
        'paul.martin@yahoo.com',
        'http://docketu.iutnc.univ-lorraine.fr:20003/api/image?name=image1.jpg'
    ),
    (
        34,
        'Louis',
        'Durand',
        'Ingénieur',
        192,
        'louis.durand@gmail.com',
        'http://docketu.iutnc.univ-lorraine.fr:20003/api/image?name=image1.jpg'
    ),
    (
        35,
        'Emma',
        'Richard',
        'Directeur',
        199,
        'emma.richard@outlook.com',
        'http://docketu.iutnc.univ-lorraine.fr:20003/api/image?name=image1.jpg'
    ),
    (
        36,
        'Thomas',
        'Richard',
        'Responsable',
        152,
        'thomas.richard@yahoo.com',
        'http://docketu.iutnc.univ-lorraine.fr:20003/api/image?name=image1.jpg'
    ),
    (
        37,
        'Lucie',
        'Petit',
        'Consultant',
        146,
        'lucie.petit@gmail.com',
        'http://docketu.iutnc.univ-lorraine.fr:20003/api/image?name=image1.jpg'
    ),
    (
        38,
        'Louis',
        'Bernard',
        'Manager',
        170,
        'louis.bernard@outlook.com',
        'http://docketu.iutnc.univ-lorraine.fr:20003/api/image?name=image1.jpg'
    ),
    (
        39,
        'Marie',
        'Simon',
        'Technicien',
        169,
        'marie.simon@yahoo.com',
        'http://docketu.iutnc.univ-lorraine.fr:20003/api/image?name=image1.jpg'
    ),
    (
        40,
        'Thomas',
        'Simon',
        'Analyste',
        109,
        'thomas.simon@gmail.com',
        'http://docketu.iutnc.univ-lorraine.fr:20003/api/image?name=image1.jpg'
    ),
    (
        41,
        'Lucie',
        'Petit',
        'Directeur',
        136,
        'lucie.petit@outlook.com',
        'http://docketu.iutnc.univ-lorraine.fr:20003/api/image?name=image1.jpg'
    ),
    (
        42,
        'Lucie',
        'Martin',
        'Manager',
        160,
        'lucie.martin@yahoo.com',
        'http://docketu.iutnc.univ-lorraine.fr:20003/api/image?name=image1.jpg'
    ),
    (
        43,
        'Marie',
        'Bernard',
        'Analyste',
        168,
        'marie.bernard@gmail.com',
        'http://docketu.iutnc.univ-lorraine.fr:20003/api/image?name=image1.jpg'
    ),
    (
        44,
        'Marie',
        'Bernard',
        'Ingénieur',
        108,
        'marie.bernard@outlook.com',
        'http://docketu.iutnc.univ-lorraine.fr:20003/api/image?name=image1.jpg'
    ),
    (
        45,
        'Pierre',
        'Dupont',
        'Technicien',
        162,
        'pierre.dupont@yahoo.com',
        'http://docketu.iutnc.univ-lorraine.fr:20003/api/image?name=image1.jpg'
    ),
    (
        46,
        'Thomas',
        'Bernard',
        'Directeur',
        125,
        'thomas.bernard@gmail.com',
        'http://docketu.iutnc.univ-lorraine.fr:20003/api/image?name=image1.jpg'
    ),
    (
        47,
        'Emma',
        'Bernard',
        'Consultant',
        172,
        'emma.bernard@outlook.com',
        'http://docketu.iutnc.univ-lorraine.fr:20003/api/image?name=image1.jpg'
    ),
    (
        48,
        'Louis',
        'Petit',
        'Technicien',
        176,
        'louis.petit@yahoo.com',
        'http://docketu.iutnc.univ-lorraine.fr:20003/api/image?name=image1.jpg'
    ),
    (
        49,
        'Paul',
        'Martin',
        'Analyste',
        184,
        'paul.martin@gmail.com',
        'http://docketu.iutnc.univ-lorraine.fr:20003/api/image?name=image1.jpg'
    ),
    (
        50,
        'Paul',
        'Simon',
        'Analyste',
        100,
        'paul.simon@outlook.com',
        'http://docketu.iutnc.univ-lorraine.fr:20003/api/image?name=image1.jpg'
    ),
    (
        51,
        'Emma',
        'Leroy',
        'Directeur',
        188,
        'emma.leroy@yahoo.com',
        'http://docketu.iutnc.univ-lorraine.fr:20003/api/image?name=image1.jpg'
    ),
    (
        52,
        'Marie',
        'Moreau',
        'Technicien',
        200,
        'marie.moreau@gmail.com',
        'http://docketu.iutnc.univ-lorraine.fr:20003/api/image?name=image1.jpg'
    ),
    (
        53,
        'Alice',
        'Simon',
        'Analyste',
        149,
        'alice.simon@outlook.com',
        'http://docketu.iutnc.univ-lorraine.fr:20003/api/image?name=image1.jpg'
    ),
    (
        54,
        'Paul',
        'Martin',
        'Ingénieur',
        156,
        'paul.martin@yahoo.com',
        'http://docketu.iutnc.univ-lorraine.fr:20003/api/image?name=image1.jpg'
    ),
    (
        55,
        'Marie',
        'Bernard',
        'Manager',
        150,
        'marie.bernard@gmail.com',
        'http://docketu.iutnc.univ-lorraine.fr:20003/api/image?name=image1.jpg'
    ),
    (
        56,
        'Lucie',
        'Moreau',
        'Analyste',
        162,
        'lucie.moreau@outlook.com',
        'http://docketu.iutnc.univ-lorraine.fr:20003/api/image?name=image1.jpg'
    ),
    (
        57,
        'Sophie',
        'Dupont',
        'Responsable',
        198,
        'sophie.dupont@yahoo.com',
        'http://docketu.iutnc.univ-lorraine.fr:20003/api/image?name=image1.jpg'
    ),
    (
        58,
        'Emma',
        'Simon',
        'Manager',
        191,
        'emma.simon@gmail.com',
        'http://docketu.iutnc.univ-lorraine.fr:20003/api/image?name=image1.jpg'
    ),
    (
        59,
        'Paul',
        'Petit',
        'Technicien',
        187,
        'paul.petit@outlook.com',
        'http://docketu.iutnc.univ-lorraine.fr:20003/api/image?name=image1.jpg'
    ),
    (
        60,
        'Thomas',
        'Leroy',
        'Ingénieur',
        123,
        'thomas.leroy@yahoo.com',
        'http://docketu.iutnc.univ-lorraine.fr:20003/api/image?name=image1.jpg'
    ),
    (
        61,
        'Alice',
        'Dupont',
        'Manager',
        178,
        'alice.dupont@gmail.com',
        'http://docketu.iutnc.univ-lorraine.fr:20003/api/image?name=image1.jpg'
    ),
    (
        62,
        'Sophie',
        'Bernard',
        'Consultant',
        121,
        'sophie.bernard@outlook.com',
        'http://docketu.iutnc.univ-lorraine.fr:20003/api/image?name=image1.jpg'
    ),
    (
        63,
        'Pierre',
        'Leroy',
        'Consultant',
        178,
        'pierre.leroy@yahoo.com',
        'http://docketu.iutnc.univ-lorraine.fr:20003/api/image?name=image1.jpg'
    ),
    (
        64,
        'Lucie',
        'Durand',
        'Technicien',
        153,
        'lucie.durand@gmail.com',
        'http://docketu.iutnc.univ-lorraine.fr:20003/api/image?name=image1.jpg'
    ),
    (
        65,
        'Marie',
        'Robert',
        'Manager',
        148,
        'marie.robert@outlook.com',
        'http://docketu.iutnc.univ-lorraine.fr:20003/api/image?name=image1.jpg'
    ),
    (
        66,
        'Thomas',
        'Bernard',
        'Directeur',
        161,
        'thomas.bernard@yahoo.com',
        'http://docketu.iutnc.univ-lorraine.fr:20003/api/image?name=image1.jpg'
    ),
    (
        67,
        'Emma',
        'Durand',
        'Analyste',
        141,
        'emma.durand@gmail.com',
        'http://docketu.iutnc.univ-lorraine.fr:20003/api/image?name=image1.jpg'
    ),
    (
        68,
        'Lucie',
        'Richard',
        'Responsable',
        188,
        'lucie.richard@outlook.com',
        'http://docketu.iutnc.univ-lorraine.fr:20003/api/image?name=image1.jpg'
    ),
    (
        69,
        'Paul',
        'Simon',
        'Consultant',
        173,
        'paul.simon@yahoo.com',
        'http://docketu.iutnc.univ-lorraine.fr:20003/api/image?name=image1.jpg'
    ),
    (
        70,
        'Sophie',
        'Leroy',
        'Directeur',
        182,
        'sophie.leroy@gmail.com',
        'http://docketu.iutnc.univ-lorraine.fr:20003/api/image?name=image1.jpg'
    ),
    (
        71,
        'Alice',
        'Petit',
        'Ingénieur',
        193,
        'alice.petit@outlook.com',
        'http://docketu.iutnc.univ-lorraine.fr:20003/api/image?name=image1.jpg'
    ),
    (
        72,
        'Pierre',
        'Moreau',
        'Technicien',
        129,
        'pierre.moreau@yahoo.com',
        'http://docketu.iutnc.univ-lorraine.fr:20003/api/image?name=image1.jpg'
    ),
    (
        73,
        'Thomas',
        'Robert',
        'Consultant',
        182,
        'thomas.robert@gmail.com',
        'http://docketu.iutnc.univ-lorraine.fr:20003/api/image?name=image1.jpg'
    ),
    (
        74,
        'Lucie',
        'Durand',
        'Manager',
        142,
        'lucie.durand@outlook.com',
        'http://docketu.iutnc.univ-lorraine.fr:20003/api/image?name=image1.jpg'
    ),
    (
        75,
        'Sophie',
        'Bernard',
        'Technicien',
        127,
        'sophie.bernard@yahoo.com',
        'http://docketu.iutnc.univ-lorraine.fr:20003/api/image?name=image1.jpg'
    ),
    (
        76,
        'Marie',
        'Richard',
        'Responsable',
        114,
        'marie.richard@gmail.com',
        'http://docketu.iutnc.univ-lorraine.fr:20003/api/image?name=image1.jpg'
    ),
    (
        77,
        'Emma',
        'Simon',
        'Ingénieur',
        122,
        'emma.simon@outlook.com',
        'http://docketu.iutnc.univ-lorraine.fr:20003/api/image?name=image1.jpg'
    ),
    (
        78,
        'Paul',
        'Dupont',
        'Directeur',
        112,
        'paul.dupont@yahoo.com',
        'http://docketu.iutnc.univ-lorraine.fr:20003/api/image?name=image1.jpg'
    ),
    (
        79,
        'Lucie',
        'Martin',
        'Technicien',
        166,
        'lucie.martin@gmail.com',
        'http://docketu.iutnc.univ-lorraine.fr:20003/api/image?name=image1.jpg'
    ),
    (
        80,
        'Thomas',
        'Moreau',
        'Consultant',
        163,
        'thomas.moreau@outlook.com',
        'http://docketu.iutnc.univ-lorraine.fr:20003/api/image?name=image1.jpg'
    ),
    (
        81,
        'Alice',
        'Leroy',
        'Responsable',
        104,
        'alice.leroy@yahoo.com',
        'http://docketu.iutnc.univ-lorraine.fr:20003/api/image?name=image1.jpg'
    ),
    (
        82,
        'Pierre',
        'Petit',
        'Manager',
        146,
        'pierre.petit@gmail.com',
        'http://docketu.iutnc.univ-lorraine.fr:20003/api/image?name=image1.jpg'
    ),
    (
        83,
        'Sophie',
        'Durand',
        'Ingénieur',
        196,
        'sophie.durand@outlook.com',
        'http://docketu.iutnc.univ-lorraine.fr:20003/api/image?name=image1.jpg'
    ),
    (
        84,
        'Marie',
        'Robert',
        'Manager',
        171,
        'marie.robert@yahoo.com',
        'http://docketu.iutnc.univ-lorraine.fr:20003/api/image?name=image1.jpg'
    ),
    (
        85,
        'Emma',
        'Leroy',
        'Directeur',
        194,
        'emma.leroy@gmail.com',
        'http://docketu.iutnc.univ-lorraine.fr:20003/api/image?name=image1.jpg'
    ),
    (
        86,
        'Lucie',
        'Simon',
        'Technicien',
        168,
        'lucie.simon@outlook.com',
        'http://docketu.iutnc.univ-lorraine.fr:20003/api/image?name=image1.jpg'
    ),
    (
        87,
        'Thomas',
        'Bernard',
        'Responsable',
        186,
        'thomas.bernard@yahoo.com',
        'http://docketu.iutnc.univ-lorraine.fr:20003/api/image?name=image1.jpg'
    ),
    (
        88,
        'Alice',
        'Martin',
        'Analyste',
        197,
        'alice.martin@gmail.com',
        'http://docketu.iutnc.univ-lorraine.fr:20003/api/image?name=image1.jpg'
    ),
    (
        89,
        'Emma',
        'Dupont',
        'Technicien',
        117,
        'emma.dupont@outlook.com',
        'http://docketu.iutnc.univ-lorraine.fr:20003/api/image?name=image1.jpg'
    ),
    (
        90,
        'Lucie',
        'Richard',
        'Ingénieur',
        155,
        'lucie.richard@yahoo.com',
        'http://docketu.iutnc.univ-lorraine.fr:20003/api/image?name=image1.jpg'
    ),
    (
        91,
        'Paul',
        'Simon',
        'Responsable',
        144,
        'paul.simon@gmail.com',
        'http://docketu.iutnc.univ-lorraine.fr:20003/api/image?name=image1.jpg'
    ),
    (
        92,
        'Sophie',
        'Durand',
        'Directeur',
        161,
        'sophie.durand@outlook.com',
        'http://docketu.iutnc.univ-lorraine.fr:20003/api/image?name=image1.jpg'
    ),
    (
        93,
        'Marie',
        'Robert',
        'Responsable',
        162,
        'marie.robert@yahoo.com',
        'http://docketu.iutnc.univ-lorraine.fr:20003/api/image?name=image1.jpg'
    ),
    (
        94,
        'Thomas',
        'Bernard',
        'Analyste',
        188,
        'thomas.bernard@gmail.com',
        'http://docketu.iutnc.univ-lorraine.fr:20003/api/image?name=image1.jpg'
    ),
    (
        95,
        'Emma',
        'Leroy',
        'Technicien',
        167,
        'emma.leroy@outlook.com',
        'http://docketu.iutnc.univ-lorraine.fr:20003/api/image?name=image1.jpg'
    ),
    (
        96,
        'Lucie',
        'Simon',
        'Manager',
        179,
        'lucie.simon@yahoo.com',
        'http://docketu.iutnc.univ-lorraine.fr:20003/api/image?name=image1.jpg'
    ),
    (
        97,
        'Sophie',
        'Petit',
        'Directeur',
        159,
        'sophie.petit@gmail.com',
        'http://docketu.iutnc.univ-lorraine.fr:20003/api/image?name=image1.jpg'
    ),
    (
        98,
        'Paul',
        'Martin',
        'Ingénieur',
        134,
        'paul.martin@outlook.com',
        'http://docketu.iutnc.univ-lorraine.fr:20003/api/image?name=image1.jpg'
    ),
    (
        99,
        'Marie',
        'Robert',
        'Technicien',
        167,
        'marie.robert@yahoo.com',
        'http://docketu.iutnc.univ-lorraine.fr:20003/api/image?name=image1.jpg'
    ),
    (
        100,
        'Emma',
        'Bernard',
        'Consultant',
        173,
        'emma.bernard@gmail.com',
        'http://docketu.iutnc.univ-lorraine.fr:20003/api/image?name=image1.jpg'
    );

INSERT INTO
    telephone (id_entree, numero, type)
VALUES (1, '0677407364', 'Portable'),
    (2, '0740313527', 'Portable'),
    (3, '0157257314', 'Fixe'),
    (4, '0386129412', 'Fixe'),
    (5, '0677854200', 'Portable'),
    (6, '0375668508', 'Fixe'),
    (7, '0377334928', 'Fixe'),
    (8, '0228036354', 'Fixe'),
    (9, '0678737755', 'Portable'),
    (10, '0321620156', 'Fixe'),
    (11, '0672855517', 'Portable'),
    (12, '0765155047', 'Portable'),
    (13, '0675400002', 'Portable'),
    (14, '0939946747', 'Bureau'),
    (15, '0176044969', 'Fixe'),
    (16, '0660573371', 'Portable'),
    (17, '0787186514', 'Portable'),
    (18, '0241909412', 'Fixe'),
    (19, '0473993280', 'Fixe'),
    (20, '0320923566', 'Fixe'),
    (21, '0735553635', 'Portable'),
    (22, '0622946639', 'Portable'),
    (23, '0726164456', 'Portable'),
    (24, '0486425158', 'Fixe'),
    (25, '0695220138', 'Portable'),
    (26, '0692805341', 'Portable'),
    (27, '0132204624', 'Fixe'),
    (28, '0452933004', 'Fixe'),
    (29, '0644794597', 'Portable'),
    (30, '0490319206', 'Fixe'),
    (31, '0490495772', 'Fixe'),
    (32, '0233583487', 'Fixe'),
    (33, '0442145904', 'Fixe'),
    (34, '0799974730', 'Portable'),
    (35, '0743639347', 'Portable'),
    (36, '0748294164', 'Portable'),
    (37, '0685192506', 'Portable'),
    (38, '0370021927', 'Fixe'),
    (39, '0665452649', 'Portable'),
    (40, '0457903399', 'Fixe'),
    (41, '0775276893', 'Portable'),
    (42, '0441286147', 'Fixe'),
    (43, '0440381277', 'Fixe'),
    (44, '0766344375', 'Portable'),
    (45, '0747765165', 'Portable'),
    (46, '0435057539', 'Fixe'),
    (47, '0792641785', 'Portable'),
    (48, '0294780844', 'Fixe'),
    (49, '0789851196', 'Portable'),
    (50, '0431648058', 'Fixe'),
    (51, '0471938170', 'Fixe'),
    (52, '0652149003', 'Portable'),
    (53, '0759475941', 'Portable'),
    (54, '0752104475', 'Portable'),
    (55, '0614407746', 'Portable'),
    (56, '0733938483', 'Portable'),
    (57, '0423492012', 'Fixe'),
    (58, '0766818284', 'Portable'),
    (59, '0740433941', 'Portable'),
    (60, '0738304539', 'Portable'),
    (61, '0763704009', 'Portable'),
    (62, '0784224185', 'Portable'),
    (63, '0764616648', 'Portable'),
    (64, '0787700351', 'Portable'),
    (65, '0769258553', 'Portable'),
    (66, '0751071215', 'Portable'),
    (67, '0649305577', 'Portable'),
    (68, '0695441241', 'Portable'),
    (69, '0388018267', 'Fixe'),
    (70, '0388018267', 'Fixe'),
    (71, '0937001234', 'Bureau'),
    (72, '0938123456', 'Bureau'),
    (73, '0949256789', 'Bureau'),
    (74, '0934567890', 'Bureau'),
    (75, '0945678901', 'Bureau'),
    (76, '0956789012', 'Bureau'),
    (77, '0967890123', 'Bureau'),
    (78, '0978901234', 'Bureau'),
    (79, '0628504374', 'Portable'),
    (80, '0784197709', 'Portable'),
    (81, '0656789224', 'Portable'),
    (82, '0610965077', 'Portable'),
    (83, '0620372233', 'Portable'),
    (84, '0613013701', 'Portable'),
    (85, '0771582790', 'Portable'),
    (86, '0694500013', 'Portable'),
    (87, '0767630085', 'Portable'),
    (88, '0750755908', 'Portable'),
    (89, '0618492164', 'Portable'),
    (90, '0758922471', 'Portable'),
    (91, '0989012345', 'Bureau'),
    (92, '0612137133', 'Portable'),
    (93, '0745467626', 'Portable'),
    (94, '0769783099', 'Portable'),
    (95, '0989012345', 'Bureau'),
    (96, '0769874999', 'Portable'),
    (97, '0629078998', 'Portable'),
    (98, '0749333673', 'Portable'),
    (99, '0721597346', 'Portable'),
    (100, '0769524828', 'Portable');

INSERT INTO
    service (
        id,
        libelle,
        etage,
        description
    )
VALUES (
        1,
        'Informatique',
        2,
        'Ici ça informe'
    ),
    (
        2,
        'Ressources Humaines',
        0,
        'Ici ça ressource'
    ),
    (
        3,
        'Finance',
        1,
        'Ici ça finance'
    ),
    (
        4,
        'Marketing',
        3,
        'Ici ça market'
    ),
    (5, 'Ventes', 4, 'Ici ça vend');

INSERT INTO
    entree_service (id_entree, id_service)
VALUES (1, 3),
    (2, 3),
    (3, 4),
    (4, 4),
    (5, 3),
    (6, 2),
    (7, 5),
    (8, 3),
    (9, 5),
    (10, 4),
    (11, 1),
    (12, 4),
    (13, 3),
    (14, 4),
    (15, 3),
    (16, 2),
    (17, 2),
    (18, 1),
    (19, 3),
    (20, 4),
    (21, 4),
    (22, 2),
    (23, 5),
    (24, 3),
    (25, 4),
    (26, 4),
    (27, 3),
    (28, 4),
    (29, 3),
    (30, 4),
    (31, 2),
    (32, 2),
    (33, 5),
    (34, 3),
    (35, 3),
    (36, 3),
    (37, 2),
    (38, 5),
    (39, 4),
    (40, 1),
    (41, 2),
    (42, 4),
    (43, 3),
    (44, 4),
    (45, 2),
    (46, 1),
    (47, 2),
    (48, 3),
    (49, 4),
    (50, 5),
    (51, 4),
    (52, 1),
    (53, 1),
    (54, 5),
    (55, 4),
    (56, 3),
    (57, 4),
    (58, 5),
    (59, 1),
    (60, 5),
    (61, 2),
    (62, 4),
    (63, 2),
    (64, 1),
    (65, 2),
    (66, 3),
    (67, 1),
    (68, 3),
    (69, 1),
    (70, 1),
    (71, 1),
    (72, 4),
    (73, 4),
    (74, 2),
    (75, 3),
    (76, 3),
    (77, 2),
    (78, 1),
    (79, 2),
    (80, 1),
    (81, 3),
    (82, 2),
    (83, 3),
    (84, 4),
    (85, 1),
    (86, 3),
    (87, 5),
    (88, 2),
    (89, 5),
    (90, 1),
    (91, 4),
    (92, 4),
    (93, 4),
    (94, 1),
    (95, 4),
    (96, 5),
    (97, 5),
    (98, 2),
    (99, 1),
    (100, 2);

INSERT INTO
    utilisateur (id, mail, mdp, role)
VALUES (
        UUID(),
        'user1@example.com',
        'password1',
        1
    ),
    (
        UUID(),
        'user2@example.com',
        'password2',
        2
    ),
    (
        UUID(),
        'user3@example.com',
        'password3',
        1
    ),
    (
        UUID(),
        'user4@example.com',
        'password4',
        3
    ),
    (
        UUID(),
        'user5@example.com',
        'password5',
        2
    );