INSERT INTO entree (id, nom, prenom, fonction, num_bureau, email, url_image) VALUES
(1, 'Marie', 'Martin', 'Analyste', 150, 'marie.martin@example.com', 'http://example.com/image1.jpg'),
(2, 'Lucie', 'Simon', 'Directeur', 158, 'lucie.simon@example.com', 'http://example.com/image2.jpg'),
(3, 'Pierre', 'Moreau', 'Manager', 105, 'pierre.moreau@example.com', 'http://example.com/image3.jpg'),
(4, 'Louis', 'Simon', 'Ingénieur', 200, 'louis.simon@example.com', 'http://example.com/image4.jpg'),
(5, 'Louis', 'Petit', 'Technicien', 150, 'louis.petit@example.com', 'http://example.com/image5.jpg'),
(6, 'Marie', 'Leroy', 'Responsable', 144, 'marie.leroy@example.com', 'http://example.com/image6.jpg'),
(7, 'Louis', 'Simon', 'Consultant', 186, 'louis.simon@example.com', 'http://example.com/image7.jpg'),
(8, 'Alice', 'Richard', 'Directeur', 106, 'alice.richard@example.com', 'http://example.com/image8.jpg'),
(9, 'Marie', 'Durand', 'Ingénieur', 100, 'marie.durand@example.com', 'http://example.com/image9.jpg'),
(10, 'Sophie', 'Leroy', 'Manager', 146, 'sophie.leroy@example.com', 'http://example.com/image10.jpg'),
(11, 'Lucie', 'Robert', 'Consultant', 135, 'lucie.robert@example.com', 'http://example.com/image11.jpg'),
(12, 'Lucie', 'Durand', 'Technicien', 187, 'lucie.durand@example.com', 'http://example.com/image12.jpg'),
(13, 'Louis', 'Durand', 'Manager', 115, 'louis.durand@example.com', 'http://example.com/image13.jpg'),
(14, 'Louis', 'Leroy', 'Technicien', 101, 'louis.leroy@example.com', 'http://example.com/image14.jpg'),
(15, 'Alice', 'Bernard', 'Analyste', 132, 'alice.bernard@example.com', 'http://example.com/image15.jpg'),
(16, 'Thomas', 'Simon', 'Directeur', 129, 'thomas.simon@example.com', 'http://example.com/image16.jpg'),
(17, 'Alice', 'Dupont', 'Consultant', 195, 'alice.dupont@example.com', 'http://example.com/image17.jpg'),
(18, 'Pierre', 'Petit', 'Consultant', 113, 'pierre.petit@example.com', 'http://example.com/image18.jpg'),
(19, 'Jean', 'Durand', 'Ingénieur', 196, 'jean.durand@example.com', 'http://example.com/image19.jpg'),
(20, 'Lucie', 'Simon', 'Ingénieur', 148, 'lucie.simon@example.com', 'http://example.com/image20.jpg'),
(21, 'Alice', 'Bernard', 'Directeur', 171, 'alice.bernard@example.com', 'http://example.com/image21.jpg'),
(22, 'Pierre', 'Petit', 'Analyste', 100, 'pierre.petit@example.com', 'http://example.com/image22.jpg'),
(23, 'Lucie', 'Durand', 'Directeur', 194, 'lucie.durand@example.com', 'http://example.com/image23.jpg'),
(24, 'Lucie', 'Petit', 'Manager', 154, 'lucie.petit@example.com', 'http://example.com/image24.jpg'),
(25, 'Louis', 'Simon', 'Technicien', 103, 'louis.simon@example.com', 'http://example.com/image25.jpg'),
(26, 'Thomas', 'Richard', 'Ingénieur', 183, 'thomas.richard@example.com', 'http://example.com/image26.jpg'),
(27, 'Pierre', 'Durand', 'Responsable', 189, 'pierre.durand@example.com', 'http://example.com/image27.jpg'),
(28, 'Lucie', 'Durand', 'Ingénieur', 107, 'lucie.durand@example.com', 'http://example.com/image28.jpg'),
(29, 'Lucie', 'Robert', 'Ingénieur', 118, 'lucie.robert@example.com', 'http://example.com/image29.jpg'),
(30, 'Thomas', 'Dupont', 'Responsable', 111, 'thomas.dupont@example.com', 'http://example.com/image30.jpg'),
(31, 'Paul', 'Petit', 'Manager', 128, 'paul.petit@example.com', 'http://example.com/image31.jpg'),
(32, 'Sophie', 'Richard', 'Ingénieur', 118, 'sophie.richard@example.com', 'http://example.com/image32.jpg'),
(33, 'Paul', 'Martin', 'Responsable', 170, 'paul.martin@example.com', 'http://example.com/image33.jpg'),
(34, 'Louis', 'Durand', 'Ingénieur', 192, 'louis.durand@example.com', 'http://example.com/image34.jpg'),
(35, 'Emma', 'Richard', 'Directeur', 199, 'emma.richard@example.com', 'http://example.com/image35.jpg'),
(36, 'Thomas', 'Richard', 'Responsable', 152, 'thomas.richard@example.com', 'http://example.com/image36.jpg'),
(37, 'Lucie', 'Petit', 'Consultant', 146, 'lucie.petit@example.com', 'http://example.com/image37.jpg'),
(38, 'Louis', 'Bernard', 'Manager', 170, 'louis.bernard@example.com', 'http://example.com/image38.jpg'),
(39, 'Sophie', 'Bernard', 'Responsable', 106, 'sophie.bernard@example.com', 'http://example.com/image39.jpg'),
(40, 'Alice', 'Martin', 'Analyste', 102, 'alice.martin@example.com', 'http://example.com/image40.jpg'),
(41, 'Emma', 'Durand', 'Technicien', 147, 'emma.durand@example.com', 'http://example.com/image41.jpg'),
(42, 'Louis', 'Robert', 'Ingénieur', 176, 'louis.robert@example.com', 'http://example.com/image42.jpg'),
(43, 'Pierre', 'Petit', 'Manager', 157, 'pierre.petit@example.com', 'http://example.com/image43.jpg'),
(44, 'Thomas', 'Dupont', 'Manager', 199, 'thomas.dupont@example.com', 'http://example.com/image44.jpg'),
(45, 'Pierre', 'Durand', 'Responsable', 158, 'pierre.durand@example.com', 'http://example.com/image45.jpg'),
(46, 'Sophie', 'Richard', 'Manager', 194, 'sophie.richard@example.com', 'http://example.com/image46.jpg'),
(47, 'Marie', 'Martin', 'Manager', 135, 'marie.martin@example.com', 'http://example.com/image47.jpg'),
(48, 'Lucie', 'Richard', 'Analyste', 171, 'lucie.richard@example.com', 'http://example.com/image48.jpg'),
(49, 'Alice', 'Robert', 'Ingénieur', 194, 'alice.robert@example.com', 'http://example.com/image49.jpg'),
(50, 'Marie', 'Durand', 'Responsable', 109, 'marie.durand@example.com', 'http://example.com/image50.jpg'),
(51, 'Emma', 'Leroy', 'Directeur', 188, 'emma.leroy@example.com', 'http://example.com/image51.jpg'),
(52, 'Marie', 'Moreau', 'Technicien', 200, 'marie.moreau@example.com', 'http://example.com/image52.jpg'),
(53, 'Alice', 'Simon', 'Analyste', 149, 'alice.simon@example.com', 'http://example.com/image53.jpg'),
(54, 'Paul', 'Martin', 'Ingénieur', 156, 'paul.martin@example.com', 'http://example.com/image54.jpg'),
(55, 'Marie', 'Bernard', 'Manager', 150, 'marie.bernard@example.com', 'http://example.com/image55.jpg'),
(56, 'Lucie', 'Moreau', 'Analyste', 117, 'lucie.moreau@example.com', 'http://example.com/image56.jpg'),
(57, 'Thomas', 'Petit', 'Responsable', 164, 'thomas.petit@example.com', 'http://example.com/image57.jpg'),
(58, 'Emma', 'Martin', 'Manager', 167, 'emma.martin@example.com', 'http://example.com/image58.jpg'),
(59, 'Pierre', 'Dupont', 'Analyste', 155, 'pierre.dupont@example.com', 'http://example.com/image59.jpg'),
(60, 'Marie', 'Simon', 'Consultant', 191, 'marie.simon@example.com', 'http://example.com/image60.jpg'),
(61, 'Paul', 'Leroy', 'Analyste', 181, 'paul.leroy@example.com', 'http://example.com/image61.jpg'),
(62, 'Jean', 'Richard', 'Manager', 117, 'jean.richard@example.com', 'http://example.com/image62.jpg'),
(63, 'Lucie', 'Dupont', 'Directeur', 173, 'lucie.dupont@example.com', 'http://example.com/image63.jpg'),
(64, 'Sophie', 'Petit', 'Directeur', 189, 'sophie.petit@example.com', 'http://example.com/image64.jpg'),
(65, 'Marie', 'Robert', 'Directeur', 172, 'marie.robert@example.com', 'http://example.com/image65.jpg'),
(66, 'Alice', 'Petit', 'Manager', 100, 'alice.petit@example.com', 'http://example.com/image66.jpg'),
(67, 'Lucie', 'Leroy', 'Consultant', 105, 'lucie.leroy@example.com', 'http://example.com/image67.jpg'),
(68, 'Pierre', 'Leroy', 'Consultant', 142, 'pierre.leroy@example.com', 'http://example.com/image68.jpg'),
(69, 'Pierre', 'Bernard', 'Analyste', 104, 'pierre.bernard@example.com', 'http://example.com/image69.jpg'),
(70, 'Pierre', 'Robert', 'Ingénieur', 196, 'pierre.robert@example.com', 'http://example.com/image70.jpg'),
(71, 'Emma', 'Martin', 'Technicien', 149, 'emma.martin@example.com', 'http://example.com/image71.jpg'),
(72, 'Thomas', 'Moreau', 'Analyste', 153, 'thomas.moreau@example.com', 'http://example.com/image72.jpg'),
(73, 'Alice', 'Simon', 'Manager', 168, 'alice.simon@example.com', 'http://example.com/image73.jpg'),
(74, 'Thomas', 'Simon', 'Responsable', 183, 'thomas.simon@example.com', 'http://example.com/image74.jpg'),
(75, 'Emma', 'Petit', 'Directeur', 182, 'emma.petit@example.com', 'http://example.com/image75.jpg'),
(76, 'Paul', 'Robert', 'Analyste', 187, 'paul.robert@example.com', 'http://example.com/image76.jpg'),
(77, 'Jean', 'Bernard', 'Analyste', 190, 'jean.bernard@example.com', 'http://example.com/image77.jpg'),
(78, 'Emma', 'Durand', 'Directeur', 178, 'emma.durand@example.com', 'http://example.com/image78.jpg'),
(79, 'Pierre', 'Petit', 'Consultant', 175, 'pierre.petit@example.com', 'http://example.com/image79.jpg'),
(80, 'Emma', 'Martin', 'Consultant', 190, 'emma.martin@example.com', 'http://example.com/image80.jpg'),
(81, 'Marie', 'Petit', 'Manager', 130, 'marie.petit@example.com', 'http://example.com/image81.jpg'),
(82, 'Paul', 'Robert', 'Manager', 185, 'paul.robert@example.com', 'http://example.com/image82.jpg'),
(83, 'Thomas', 'Richard', 'Responsable', 148, 'thomas.richard@example.com', 'http://example.com/image83.jpg'),
(84, 'Emma', 'Leroy', 'Responsable', 101, 'emma.leroy@example.com', 'http://example.com/image84.jpg'),
(85, 'Alice', 'Richard', 'Analyste', 166, 'alice.richard@example.com', 'http://example.com/image85.jpg'),
(86, 'Paul', 'Robert', 'Ingénieur', 145, 'paul.robert@example.com', 'http://example.com/image86.jpg'),
(87, 'Sophie', 'Durand', 'Directeur', 105, 'sophie.durand@example.com', 'http://example.com/image87.jpg'),
(88, 'Jean', 'Dupont', 'Manager', 143, 'jean.dupont@example.com', 'http://example.com/image88.jpg'),
(89, 'Thomas', 'Martin', 'Analyste', 193, 'thomas.martin@example.com', 'http://example.com/image89.jpg'),
(90, 'Louis', 'Petit', 'Analyste', 129, 'louis.petit@example.com', 'http://example.com/image90.jpg'),
(91, 'Alice', 'Leroy', 'Technicien', 147, 'alice.leroy@example.com', 'http://example.com/image91.jpg'),
(92, 'Marie', 'Leroy', 'Manager', 157, 'marie.leroy@example.com', 'http://example.com/image92.jpg'),
(93, 'Alice', 'Moreau', 'Directeur', 178, 'alice.moreau@example.com', 'http://example.com/image93.jpg'),
(94, 'Thomas', 'Moreau', 'Analyste', 135, 'thomas.moreau@example.com', 'http://example.com/image94.jpg'),
(95, 'Jean', 'Leroy', 'Responsable', 109, 'jean.leroy@example.com', 'http://example.com/image95.jpg'),
(96, 'Pierre', 'Richard', 'Technicien', 184, 'pierre.richard@example.com', 'http://example.com/image96.jpg'),
(97, 'Emma', 'Simon', 'Responsable', 122, 'emma.simon@example.com', 'http://example.com/image97.jpg'),
(98, 'Lucie', 'Durand', 'Analyste', 117, 'lucie.durand@example.com', 'http://example.com/image98.jpg'),
(99, 'Marie', 'Robert', 'Technicien', 167, 'marie.robert@example.com', 'http://example.com/image99.jpg'),
(100, 'Emma', 'Bernard', 'Consultant', 173, 'emma.bernard@example.com', 'http://example.com/image100.jpg');

INSERT INTO telephone (id_entree, numero, type) VALUES
(1, '0677407364', 'Portable'),
(2, '0740313527', 'Portable'),
(3, '0157257314', 'Fixe'),
(4, '0386129412', 'Fixe'),
(5, '0677854200', 'Portable'),
(6, '0375668508', 'Fixe'),
(7, '0377334928', 'Fixe'),
(8, '0228036354', 'Fixe'),
(9, '0678737755', 'Portable'),
(10, '0321620156', 'Fixe'),
(11, '0672855517', 'Portable'),
(12, '0765155047', 'Portable'),
(13, '0675400002', 'Portable'),
(14, '0939946747', 'Bureau'),
(15, '0176044969', 'Fixe'),
(16, '0660573371', 'Portable'),
(17, '0787186514', 'Portable'),
(18, '0241909412', 'Fixe'),
(19, '0473993280', 'Fixe'),
(20, '0320923566', 'Fixe'),
(21, '0735553635', 'Portable'),
(22, '0622946639', 'Portable'),
(23, '0726164456', 'Portable'),
(24, '0486425158', 'Fixe'),
(25, '0695220138', 'Portable'),
(26, '0692805341', 'Portable'),
(27, '0132204624', 'Fixe'),
(28, '0452933004', 'Fixe'),
(29, '0644794597', 'Portable'),
(30, '0490319206', 'Fixe'),
(31, '0490495772', 'Fixe'),
(32, '0233583487', 'Fixe'),
(33, '0442145904', 'Fixe'),
(34, '0799974730', 'Portable'),
(35, '0743639347', 'Portable'),
(36, '0748294164', 'Portable'),
(37, '0685192506', 'Portable'),
(38, '0370021927', 'Fixe'),
(39, '0665452649', 'Portable'),
(40, '0457903399', 'Fixe'),
(41, '0775276893', 'Portable'),
(42, '0441286147', 'Fixe'),
(43, '0440381277', 'Fixe'),
(44, '0766344375', 'Portable'),
(45, '0747765165', 'Portable'),
(46, '0435057539', 'Fixe'),
(47, '0792641785', 'Portable'),
(48, '0294780844', 'Fixe'),
(49, '0789851196', 'Portable'),
(50, '0431648058', 'Fixe'),
(51, '0471938170', 'Fixe'),
(52, '0652149003', 'Portable'),
(53, '0759475941', 'Portable'),
(54, '0752104475', 'Portable'),
(55, '0614407746', 'Portable'),
(56, '0733938483', 'Portable'),
(57, '0423492012', 'Fixe'),
(58, '0766818284', 'Portable'),
(59, '0740433941', 'Portable'),
(60, '0738304539', 'Portable'),
(61, '0763704009', 'Portable'),
(62, '0784224185', 'Portable'),
(63, '0764616648', 'Portable'),
(64, '0787700351', 'Portable'),
(65, '0769258553', 'Portable'),
(66, '0751071215', 'Portable'),
(67, '0649305577', 'Portable'),
(68, '0695441241', 'Portable'),
(69, '0388018267','Fixe'),
(70, '0388018267','Fixe'),
(71, '0937001234', 'Bureau'),
(72, '0938123456', 'Bureau'),
(73, '0949256789', 'Bureau'),
(74, '0934567890', 'Bureau'),
(75, '0945678901', 'Bureau'),
(76, '0956789012', 'Bureau'),
(77, '0967890123', 'Bureau'),
(78, '0978901234', 'Bureau'),
(79, '0628504374', 'Portable'),
(80, '0784197709', 'Portable'),
(81, '0656789224', 'Portable'),
(82, '0610965077', 'Portable'),
(83, '0620372233', 'Portable'),
(84, '0613013701', 'Portable'),
(85, '0771582790', 'Portable'),
(86, '0694500013', 'Portable'),
(87, '0767630085', 'Portable'),
(88, '0750755908', 'Portable'),
(89, '0618492164', 'Portable'),
(90, '0758922471', 'Portable'),
(91, '0989012345', 'Bureau'),
(92, '0612137133', 'Portable'),
(93, '0745467626', 'Portable'),
(94, '0769783099', 'Portable'),
(95, '0989012345', 'Bureau'),
(96, '0769874999', 'Portable'),
(97, '0629078998', 'Portable'),
(98, '0749333673', 'Portable'),
(99, '0721597346', 'Portable'),
(100, '0769524828', 'Portable');

INSERT INTO service (id, libelle, etage, description) VALUES
(1, 'Informatique',2,'Ici ça informe'),
(2, 'Ressources Humaines',0,'Ici ça ressource'),
(3, 'Finance',1,'Ici ça finance'),
(4, 'Marketing',3,'Ici ça market'),
(5, 'Ventes',4,'Ici ça vend');

INSERT INTO entree_service (id_entree, id_service) VALUES
(1, 3),
(2, 3),
(3, 4),
(4, 4),
(5, 3),
(6, 2),
(7, 5),
(8, 3),
(9, 5),
(10, 4),
(11, 1),
(12, 4),
(13, 3),
(14, 4),
(15, 3),
(16, 2),
(17, 2),
(18, 1),
(19, 3),
(20, 4),
(21, 4),
(22, 2),
(23, 5),
(24, 3),
(25, 4),
(26, 4),
(27, 3),
(28, 4),
(29, 3),
(30, 4),
(31, 2),
(32, 2),
(33, 5),
(34, 3),
(35, 3),
(36, 3),
(37, 2),
(38, 5),
(39, 4),
(40, 1),
(41, 2),
(42, 4),
(43, 3),
(44, 4),
(45, 2),
(46, 1),
(47, 2),
(48, 3),
(49, 4),
(50, 5),
(51, 4),
(52, 1),
(53, 1),
(54, 5),
(55, 4),
(56, 3),
(57, 4),
(58, 5),
(59, 1),
(60, 5),
(61, 2),
(62, 4),
(63, 2),
(64, 1),
(65, 2),
(66, 3),
(67, 1),
(68, 3),
(69, 1),
(70, 1),
(71, 1),
(72, 4),
(73, 4),
(74, 2),
(75, 3),
(76, 3),
(77, 2),
(78, 1),
(79, 2),
(80, 1),
(81, 3),
(82, 2),
(83, 3),
(84, 4),
(85, 1),
(86, 3),
(87, 5),
(88, 2),
(89, 5),
(90, 1),
(91, 4),
(92, 4),
(93, 4),
(94, 1),
(95, 4),
(96, 5),
(97, 5),
(98, 2),
(99, 1),
(100, 2);

INSERT INTO utilisateur (id, mail, mdp, role) VALUES
(UUID(), 'user1@example.com', 'password1', 1),
(UUID(), 'user2@example.com', 'password2', 2),
(UUID(), 'user3@example.com', 'password3', 1),
(UUID(), 'user4@example.com', 'password4', 3),
(UUID(), 'user5@example.com', 'password5', 2);
