INSERT INTO
    entree (
        id,
        nom,
        prenom,
        fonction,
        num_bureau,
        email,
        url_image
    )
VALUES (
        1,
        'Marie',
        'Martin',
        'Analyste',
        150,
        'marie.martin@example.com',
        'http://example.com/image1.jpg'
    ),
    (
        2,
        'Lucie',
        'Simon',
        'Directeur',
        158,
        'lucie.simon@example.com',
        'http://example.com/image2.jpg'
    ),
    (
        3,
        'Pierre',
        'Moreau',
        'Manager',
        105,
        'pierre.moreau@example.com',
        'http://example.com/image3.jpg'
    ),
    (
        4,
        'Louis',
        'Simon',
        'Ingénieur',
        200,
        'louis.simon@example.com',
        'http://example.com/image4.jpg'
    ),
    (
        5,
        'Louis',
        'Petit',
        'Technicien',
        150,
        'louis.petit@example.com',
        'http://example.com/image5.jpg'
    ),
    (
        6,
        'Marie',
        'Leroy',
        'Responsable',
        144,
        'marie.leroy@example.com',
        'http://example.com/image6.jpg'
    ),
    (
        7,
        'Louis',
        'Simon',
        'Consultant',
        186,
        'louis.simon@example.com',
        'http://example.com/image7.jpg'
    ),
    (
        8,
        'Alice',
        'Richard',
        'Directeur',
        106,
        'alice.richard@example.com',
        'http://example.com/image8.jpg'
    ),
    (
        9,
        'Marie',
        'Durand',
        'Ingénieur',
        100,
        'marie.durand@example.com',
        'http://example.com/image9.jpg'
    ),
    (
        10,
        'Sophie',
        'Leroy',
        'Manager',
        146,
        'sophie.leroy@example.com',
        'http://example.com/image10.jpg'
    ),
    (
        11,
        'Lucie',
        'Robert',
        'Consultant',
        135,
        'lucie.robert@example.com',
        'http://example.com/image11.jpg'
    ),
    (
        12,
        'Lucie',
        'Durand',
        'Technicien',
        187,
        'lucie.durand@example.com',
        'http://example.com/image12.jpg'
    ),
    (
        13,
        'Louis',
        'Durand',
        'Manager',
        115,
        'louis.durand@example.com',
        'http://example.com/image13.jpg'
    ),
    (
        14,
        'Louis',
        'Leroy',
        'Technicien',
        101,
        'louis.leroy@example.com',
        'http://example.com/image14.jpg'
    ),
    (
        15,
        'Alice',
        'Bernard',
        'Analyste',
        132,
        'alice.bernard@example.com',
        'http://example.com/image15.jpg'
    ),
    (
        16,
        'Thomas',
        'Simon',
        'Directeur',
        129,
        'thomas.simon@example.com',
        'http://example.com/image16.jpg'
    ),
    (
        17,
        'Alice',
        'Dupont',
        'Consultant',
        195,
        'alice.dupont@example.com',
        'http://example.com/image17.jpg'
    ),
    (
        18,
        'Pierre',
        'Petit',
        'Consultant',
        113,
        'pierre.petit@example.com',
        'http://example.com/image18.jpg'
    ),
    (
        19,
        'Jean',
        'Durand',
        'Ingénieur',
        196,
        'jean.durand@example.com',
        'http://example.com/image19.jpg'
    ),
    (
        20,
        'Lucie',
        'Simon',
        'Ingénieur',
        148,
        'lucie.simon@example.com',
        'http://example.com/image20.jpg'
    ),
    (
        21,
        'Alice',
        'Bernard',
        'Directeur',
        171,
        'alice.bernard@example.com',
        'http://example.com/image21.jpg'
    ),
    (
        22,
        'Pierre',
        'Petit',
        'Analyste',
        100,
        'pierre.petit@example.com',
        'http://example.com/image22.jpg'
    ),
    (
        23,
        'Lucie',
        'Durand',
        'Directeur',
        194,
        'lucie.durand@example.com',
        'http://example.com/image23.jpg'
    ),
    (
        24,
        'Lucie',
        'Petit',
        'Manager',
        154,
        'lucie.petit@example.com',
        'http://example.com/image24.jpg'
    ),
    (
        25,
        'Louis',
        'Simon',
        'Technicien',
        103,
        'louis.simon@example.com',
        'http://example.com/image25.jpg'
    ),
    (
        26,
        'Thomas',
        'Richard',
        'Ingénieur',
        183,
        'thomas.richard@example.com',
        'http://example.com/image26.jpg'
    ),
    (
        27,
        'Pierre',
        'Durand',
        'Responsable',
        189,
        'pierre.durand@example.com',
        'http://example.com/image27.jpg'
    ),
    (
        28,
        'Lucie',
        'Durand',
        'Ingénieur',
        107,
        'lucie.durand@example.com',
        'http://example.com/image28.jpg'
    ),
    (
        29,
        'Lucie',
        'Robert',
        'Ingénieur',
        118,
        'lucie.robert@example.com',
        'http://example.com/image29.jpg'
    ),
    (
        30,
        'Thomas',
        'Dupont',
        'Responsable',
        111,
        'thomas.dupont@example.com',
        'http://example.com/image30.jpg'
    ),
    (
        31,
        'Paul',
        'Petit',
        'Manager',
        128,
        'paul.petit@example.com',
        'http://example.com/image31.jpg'
    ),
    (
        32,
        'Sophie',
        'Richard',
        'Ingénieur',
        118,
        'sophie.richard@example.com',
        'http://example.com/image32.jpg'
    ),
    (
        33,
        'Paul',
        'Martin',
        'Responsable',
        170,
        'paul.martin@example.com',
        'http://example.com/image33.jpg'
    ),
    (
        34,
        'Louis',
        'Durand',
        'Ingénieur',
        192,
        'louis.durand@example.com',
        'http://example.com/image34.jpg'
    ),
    (
        35,
        'Emma',
        'Richard',
        'Directeur',
        199,
        'emma.richard@example.com',
        'http://example.com/image35.jpg'
    ),
    (
        36,
        'Thomas',
        'Richard',
        'Responsable',
        152,
        'thomas.richard@example.com',
        'http://example.com/image36.jpg'
    ),
    (
        37,
        'Lucie',
        'Petit',
        'Consultant',
        146,
        'lucie.petit@example.com',
        'http://example.com/image37.jpg'
    ),
    (
        38,
        'Louis',
        'Bernard',
        'Manager',
        170,
        'louis.bernard@example.com',
        'http://example.com/image38.jpg'
    ),
    (
        39,
        'Sophie',
        'Bernard',
        'Responsable',
        106,
        'sophie.bernard@example.com',
        'http://example.com/image39.jpg'
    ),
    (
        40,
        'Alice',
        'Martin',
        'Analyste',
        102,
        'alice.martin@example.com',
        'http://example.com/image40.jpg'
    ),
    (
        41,
        'Emma',
        'Durand',
        'Technicien',
        147,
        'emma.durand@example.com',
        'http://example.com/image41.jpg'
    ),
    (
        42,
        'Louis',
        'Robert',
        'Ingénieur',
        176,
        'louis.robert@example.com',
        'http://example.com/image42.jpg'
    ),
    (
        43,
        'Pierre',
        'Petit',
        'Manager',
        157,
        'pierre.petit@example.com',
        'http://example.com/image43.jpg'
    ),
    (
        44,
        'Thomas',
        'Dupont',
        'Manager',
        199,
        'thomas.dupont@example.com',
        'http://example.com/image44.jpg'
    ),
    (
        45,
        'Pierre',
        'Durand',
        'Responsable',
        158,
        'pierre.durand@example.com',
        'http://example.com/image45.jpg'
    ),
    (
        46,
        'Sophie',
        'Richard',
        'Manager',
        194,
        'sophie.richard@example.com',
        'http://example.com/image46.jpg'
    ),
    (
        47,
        'Marie',
        'Martin',
        'Manager',
        135,
        'marie.martin@example.com',
        'http://example.com/image47.jpg'
    ),
    (
        48,
        'Lucie',
        'Richard',
        'Analyste',
        171,
        'lucie.richard@example.com',
        'http://example.com/image48.jpg'
    ),
    (
        49,
        'Alice',
        'Robert',
        'Ingénieur',
        194,
        'alice.robert@example.com',
        'http://example.com/image49.jpg'
    ),
    (
        50,
        'Marie',
        'Durand',
        'Responsable',
        109,
        'marie.durand@example.com',
        'http://example.com/image50.jpg'
    ),
    (
        51,
        'Emma',
        'Leroy',
        'Directeur',
        188,
        'emma.leroy@example.com',
        'http://example.com/image51.jpg'
    ),
    (
        52,
        'Marie',
        'Moreau',
        'Technicien',
        200,
        'marie.moreau@example.com',
        'http://example.com/image52.jpg'
    ),
    (
        53,
        'Alice',
        'Simon',
        'Analyste',
        149,
        'alice.simon@example.com',
        'http://example.com/image53.jpg'
    ),
    (
        54,
        'Paul',
        'Martin',
        'Ingénieur',
        156,
        'paul.martin@example.com',
        'http://example.com/image54.jpg'
    ),
    (
        55,
        'Marie',
        'Bernard',
        'Manager',
        150,
        'marie.bernard@example.com',
        'http://example.com/image55.jpg'
    ),
    (
        56,
        'Lucie',
        'Moreau',
        'Analyste',
        117,
        'lucie.moreau@example.com',
        'http://example.com/image56.jpg'
    ),
    (
        57,
        'Thomas',
        'Petit',
        'Responsable',
        164,
        'thomas.petit@example.com',
        'http://example.com/image57.jpg'
    ),
    (
        58,
        'Emma',
        'Martin',
        'Manager',
        167,
        'emma.martin@example.com',
        'http://example.com/image58.jpg'
    ),
    (
        59,
        'Pierre',
        'Dupont',
        'Analyste',
        155,
        'pierre.dupont@example.com',
        'http://example.com/image59.jpg'
    ),
    (
        60,
        'Marie',
        'Simon',
        'Consultant',
        191,
        'marie.simon@example.com',
        'http://example.com/image60.jpg'
    ),
    (
        61,
        'Paul',
        'Leroy',
        'Analyste',
        181,
        'paul.leroy@example.com',
        'http://example.com/image61.jpg'
    ),
    (
        62,
        'Jean',
        'Richard',
        'Manager',
        117,
        'jean.richard@example.com',
        'http://example.com/image62.jpg'
    ),
    (
        63,
        'Lucie',
        'Dupont',
        'Directeur',
        173,
        'lucie.dupont@example.com',
        'http://example.com/image63.jpg'
    ),
    (
        64,
        'Sophie',
        'Petit',
        'Directeur',
        189,
        'sophie.petit@example.com',
        'http://example.com/image64.jpg'
    ),
    (
        65,
        'Marie',
        'Robert',
        'Directeur',
        172,
        'marie.robert@example.com',
        'http://example.com/image65.jpg'
    ),
    (
        66,
        'Alice',
        'Petit',
        'Manager',
        100,
        'alice.petit@example.com',
        'http://example.com/image66.jpg'
    ),
    (
        67,
        'Lucie',
        'Leroy',
        'Consultant',
        105,
        'lucie.leroy@example.com',
        'http://example.com/image67.jpg'
    ),
    (
        68,
        'Pierre',
        'Leroy',
        'Consultant',
        142,
        'pierre.leroy@example.com',
        'http://example.com/image68.jpg'
    ),
    (
        69,
        'Pierre',
        'Bernard',
        'Analyste',
        104,
        'pierre.bernard@example.com',
        'http://example.com/image69.jpg'
    ),
    (
        70,
        'Pierre',
        'Robert',
        'Ingénieur',
        196,
        'pierre.robert@example.com',
        'http://example.com/image70.jpg'
    ),
    (
        71,
        'Emma',
        'Martin',
        'Technicien',
        149,
        'emma.martin@example.com',
        'http://example.com/image71.jpg'
    ),
    (
        72,
        'Thomas',
        'Moreau',
        'Analyste',
        153,
        'thomas.moreau@example.com',
        'http://example.com/image72.jpg'
    ),
    (
        73,
        'Alice',
        'Simon',
        'Manager',
        168,
        'alice.simon@example.com',
        'http://example.com/image73.jpg'
    ),
    (
        74,
        'Thomas',
        'Simon',
        'Responsable',
        183,
        'thomas.simon@example.com',
        'http://example.com/image74.jpg'
    ),
    (
        75,
        'Emma',
        'Petit',
        'Directeur',
        182,
        'emma.petit@example.com',
        'http://example.com/image75.jpg'
    ),
    (
        76,
        'Paul',
        'Robert',
        'Analyste',
        187,
        'paul.robert@example.com',
        'http://example.com/image76.jpg'
    ),
    (
        77,
        'Jean',
        'Bernard',
        'Analyste',
        190,
        'jean.bernard@example.com',
        'http://example.com/image77.jpg'
    ),
    (
        78,
        'Emma',
        'Durand',
        'Directeur',
        178,
        'emma.durand@example.com',
        'http://example.com/image78.jpg'
    ),
    (
        79,
        'Pierre',
        'Petit',
        'Consultant',
        175,
        'pierre.petit@example.com',
        'http://example.com/image79.jpg'
    ),
    (
        80,
        'Emma',
        'Martin',
        'Consultant',
        190,
        'emma.martin@example.com',
        'http://example.com/image80.jpg'
    ),
    (
        81,
        'Marie',
        'Petit',
        'Manager',
        130,
        'marie.petit@example.com',
        'http://example.com/image81.jpg'
    ),
    (
        82,
        'Paul',
        'Robert',
        'Manager',
        185,
        'paul.robert@example.com',
        'http://example.com/image82.jpg'
    ),
    (
        83,
        'Thomas',
        'Richard',
        'Responsable',
        148,
        'thomas.richard@example.com',
        'http://example.com/image83.jpg'
    ),
    (
        84,
        'Emma',
        'Leroy',
        'Responsable',
        101,
        'emma.leroy@example.com',
        'http://example.com/image84.jpg'
    ),
    (
        85,
        'Alice',
        'Richard',
        'Analyste',
        166,
        'alice.richard@example.com',
        'http://example.com/image85.jpg'
    ),
    (
        86,
        'Paul',
        'Robert',
        'Ingénieur',
        145,
        'paul.robert@example.com',
        'http://example.com/image86.jpg'
    ),
    (
        87,
        'Sophie',
        'Durand',
        'Directeur',
        105,
        'sophie.durand@example.com',
        'http://example.com/image87.jpg'
    ),
    (
        88,
        'Jean',
        'Dupont',
        'Manager',
        143,
        'jean.dupont@example.com',
        'http://example.com/image88.jpg'
    ),
    (
        89,
        'Thomas',
        'Martin',
        'Analyste',
        193,
        'thomas.martin@example.com',
        'http://example.com/image89.jpg'
    ),
    (
        90,
        'Louis',
        'Petit',
        'Analyste',
        129,
        'louis.petit@example.com',
        'http://example.com/image90.jpg'
    ),
    (
        91,
        'Alice',
        'Leroy',
        'Technicien',
        147,
        'alice.leroy@example.com',
        'http://example.com/image91.jpg'
    ),
    (
        92,
        'Marie',
        'Leroy',
        'Manager',
        157,
        'marie.leroy@example.com',
        'http://example.com/image92.jpg'
    ),
    (
        93,
        'Alice',
        'Moreau',
        'Directeur',
        178,
        'alice.moreau@example.com',
        'http://example.com/image93.jpg'
    ),
    (
        94,
        'Thomas',
        'Moreau',
        'Analyste',
        135,
        'thomas.moreau@example.com',
        'http://example.com/image94.jpg'
    ),
    (
        95,
        'Jean',
        'Leroy',
        'Responsable',
        109,
        'jean.leroy@example.com',
        'http://example.com/image95.jpg'
    ),
    (
        96,
        'Pierre',
        'Richard',
        'Technicien',
        184,
        'pierre.richard@example.com',
        'http://example.com/image96.jpg'
    ),
    (
        97,
        'Emma',
        'Simon',
        'Responsable',
        122,
        'emma.simon@example.com',
        'http://example.com/image97.jpg'
    ),
    (
        98,
        'Lucie',
        'Durand',
        'Analyste',
        117,
        'lucie.durand@example.com',
        'http://example.com/image98.jpg'
    ),
    (
        99,
        'Marie',
        'Robert',
        'Technicien',
        167,
        'marie.robert@example.com',
        'http://example.com/image99.jpg'
    ),
    (
        100,
        'Emma',
        'Bernard',
        'Consultant',
        173,
        'emma.bernard@example.com',
        'http://example.com/image100.jpg'
    );

INSERT INTO
    telephone (id_entree, numero)
VALUES (1, '5740733641'),
    (1, '4031352701'),
    (2, '7525731447'),
    (2, '8612941232'),
    (3, '5785420091'),
    (3, '7566850820'),
    (4, '7733492850'),
    (4, '2803635422'),
    (5, '1873775509'),
    (5, '2162015690'),
    (6, '1285551787'),
    (6, '6515504787'),
    (7, '1540000252'),
    (7, '3994674703'),
    (8, '1604496912'),
    (8, '6057337190'),
    (9, '8718651458'),
    (9, '4190941279'),
    (10, '7399328020'),
    (10, '2092356605'),
    (11, '3555363568'),
    (11, '1294663944'),
    (12, '2616445687'),
    (12, '8642515865'),
    (13, '9522013856'),
    (13, '9280534136'),
    (14, '3220462416'),
    (14, '5293300430'),
    (15, '4479459722'),
    (15, '9031920619'),
    (16, '9049577235'),
    (16, '2358348767'),
    (17, '4214590426'),
    (17, '9997473012'),
    (18, '4363934791'),
    (18, '4829416491'),
    (19, '8519250648'),
    (19, '7002192731'),
    (20, '6545264959'),
    (20, '5790339977'),
    (21, '7527689381'),
    (21, '4128614748'),
    (22, '4038127763'),
    (22, '6634437570'),
    (23, '4776516581'),
    (23, '3505753985'),
    (24, '9264178550'),
    (24, '9478084435'),
    (25, '8985119680'),
    (25, '3164805824'),
    (26, '7193817092'),
    (26, '5214900398'),
    (27, '5947594131'),
    (27, '5210447534'),
    (28, '1440774670'),
    (28, '3393848347'),
    (29, '2349201220'),
    (29, '6681828417'),
    (30, '4043394149'),
    (30, '3830453917'),
    (31, '6370400944'),
    (31, '8422418544'),
    (32, '6461664846'),
    (32, '8770035122'),
    (33, '6925855359'),
    (33, '5107121583'),
    (34, '4930557783'),
    (34, '9544124135'),
    (35, '2850437476'),
    (35, '8419770993'),
    (36, '5678922435'),
    (36, '1096507791'),
    (37, '2037223337'),
    (37, '1301370146'),
    (38, '7158279029'),
    (38, '9450001389'),
    (39, '6763008550'),
    (39, '5075590801'),
    (40, '1849216425'),
    (40, '5892247175'),
    (41, '9522429254'),
    (41, '1213713311'),
    (42, '4546762662'),
    (42, '6978309982'),
    (43, '8492496147'),
    (43, '6987499986'),
    (44, '2907899898'),
    (44, '4933367349'),
    (45, '2159734640'),
    (45, '6952482802'),
    (46, '5124171967'),
    (46, '1155643989'),
    (47, '6226491457'),
    (47, '9479163164'),
    (48, '3346758209'),
    (48, '5858440300'),
    (49, '2750922541'),
    (49, '3500997437'),
    (50, '8213588461'),
    (50, '3164680853'),
    (51, '8902119120'),
    (51, '1122608997'),
    (52, '7832370137'),
    (52, '1456789616'),
    (53, '8874971810'),
    (53, '2296149862'),
    (54, '3204971276'),
    (54, '3719725187'),
    (55, '8331056164'),
    (55, '8349618431'),
    (56, '1120625784'),
    (56, '7037450871'),
    (57, '4875019557'),
    (57, '7263909186'),
    (58, '9346292497'),
    (58, '4352134341'),
    (59, '5310015879'),
    (59, '5471284616'),
    (60, '3598511250'),
    (60, '7862061090'),
    (61, '8875606517'),
    (61, '6516988147'),
    (62, '3617427053'),
    (62, '5490254885'),
    (63, '3558083558'),
    (63, '1180270859'),
    (64, '6622752350'),
    (64, '2404046587'),
    (65, '6600214400'),
    (65, '6623898969'),
    (66, '6811299972'),
    (66, '4354096314'),
    (67, '7193534659'),
    (67, '6113059871'),
    (68, '9385120840'),
    (68, '2271700579'),
    (69, '5589577422'),
    (69, '5785549665'),
    (70, '7439688687'),
    (70, '3240319515'),
    (71, '8587591274'),
    (71, '8463273063'),
    (72, '8649446438'),
    (72, '6601933507'),
    (73, '5941031058'),
    (73, '8396221065'),
    (74, '3700497090'),
    (74, '2631807223'),
    (75, '5427008433'),
    (75, '9687453152'),
    (76, '8159860484'),
    (76, '8697291444'),
    (77, '1478440286'),
    (77, '3067697198'),
    (78, '7894408101'),
    (78, '2044011399'),
    (79, '3613577482'),
    (79, '6639387735'),
    (80, '2435325133'),
    (80, '7385810198'),
    (81, '9157350497'),
    (81, '4747832897'),
    (82, '3566583987'),
    (82, '3580335568'),
    (83, '5279563878'),
    (83, '9277538520'),
    (84, '6363981700'),
    (84, '7582563717'),
    (85, '2574585101'),
    (85, '1484164086'),
    (86, '4048431235'),
    (86, '6792061115'),
    (87, '4948732445'),
    (87, '5417374125'),
    (88, '2112638145'),
    (88, '7064101320'),
    (89, '8839155161'),
    (89, '9221365081'),
    (90, '3361829323'),
    (90, '3054300743'),
    (91, '1924591733'),
    (91, '4455957200'),
    (92, '3849364214'),
    (92, '1278375279'),
    (93, '2308334224'),
    (93, '1133992990'),
    (94, '7469786366'),
    (94, '4519288623'),
    (95, '8958304967'),
    (95, '9742621673'),
    (96, '4397275161'),
    (96, '7851277632'),
    (97, '3662172001'),
    (97, '4153889114'),
    (98, '5485797808'),
    (98, '9959175751'),
    (99, '5306729828'),
    (99, '3444858567'),
    (100, '1244301572'),
    (100, '5351814566');

INSERT INTO service (id, libelle, etage, description) VALUES
(1,	'Informatique',	6,	"Important d'informer en informatique"),
(2,	'Ressources Humaines',	2,	'Venez retrouver votre RH préférée'),
(3,	'Finance',	1,	'Frauduleux les pinances'),
(4,	'Marketing',	4,	'On va au market ingh ou quoi là'),
(5,	'Ventes',	5,	"Ici on s'occupe des ventes, bah ouais logique");

INSERT INTO
    entree_service (id_entree, id_service)
VALUES (1, 3),
    (2, 3),
    (3, 4),
    (4, 4),
    (5, 3),
    (6, 2),
    (7, 5),
    (8, 3),
    (9, 5),
    (10, 4),
    (11, 1),
    (12, 4),
    (13, 3),
    (14, 4),
    (15, 3),
    (16, 2),
    (17, 2),
    (18, 1),
    (19, 3),
    (20, 4),
    (21, 4),
    (22, 2),
    (23, 5),
    (24, 3),
    (25, 4),
    (26, 4),
    (27, 3),
    (28, 4),
    (29, 3),
    (30, 4),
    (31, 2),
    (32, 2),
    (33, 5),
    (34, 3),
    (35, 3),
    (36, 3),
    (37, 2),
    (38, 5),
    (39, 4),
    (40, 1),
    (41, 2),
    (42, 4),
    (43, 3),
    (44, 4),
    (45, 2),
    (46, 1),
    (47, 2),
    (48, 3),
    (49, 4),
    (50, 5),
    (51, 4),
    (52, 1),
    (53, 1),
    (54, 5),
    (55, 4),
    (56, 3),
    (57, 4),
    (58, 5),
    (59, 1),
    (60, 5),
    (61, 2),
    (62, 4),
    (63, 2),
    (64, 1),
    (65, 2),
    (66, 3),
    (67, 1),
    (68, 3),
    (69, 1),
    (70, 1),
    (71, 1),
    (72, 4),
    (73, 4),
    (74, 2),
    (75, 3),
    (76, 3),
    (77, 2),
    (78, 1),
    (79, 2),
    (80, 1),
    (81, 3),
    (82, 2),
    (83, 3),
    (84, 4),
    (85, 1),
    (86, 3),
    (87, 5),
    (88, 2),
    (89, 5),
    (90, 1),
    (91, 4),
    (92, 4),
    (93, 4),
    (94, 1),
    (95, 4),
    (96, 5),
    (97, 5),
    (98, 2),
    (99, 1),
    (100, 2);